<root>
<config>
    <web>
        <default>
            <cms_home_page>porto_home_7</cms_home_page>
            <cms_no_route>no-route-2</cms_no_route>
        </default>
    </web>
    <cms>
        <wysiwyg>
            <enabled>hidden</enabled>
        </wysiwyg>
    </cms>
	<design>
		<header>
			<logo_width></logo_width>
			<logo_height></logo_height>
			<logo_src>default/logo_new.png</logo_src>
		</header>
	</design>
	<dev>
		<js>
			<merge_files>1</merge_files>
		</js>
	</dev>
    <porto_settings>
        <general>
            <boxed>wide</boxed>
            <layout>1170</layout>
            <disable_border_radius>1</disable_border_radius>
            <show_site_notice>0</show_site_notice>
        </general>
        <header>
            <header_type>16</header_type>
            <static_block>porto_custom_block_for_header_home1</static_block>
            <sticky_header_logo>default/logo_white.png</sticky_header_logo>
        </header>
        <footer>
            <footer_top>1</footer_top>
            <footer_top_block>custom</footer_top_block>
            <footer_top_custom>porto_footer_top_1_for_7</footer_top_custom>
            <footer_middle>1</footer_middle>
            <footer_ribbon>0</footer_ribbon>
            <footer_ribbon_text>Ribbon Text</footer_ribbon_text>
            <footer_middle_column_1>custom</footer_middle_column_1>
            <footer_middle_column_1_custom>porto_footer_middle_1_for_7</footer_middle_column_1_custom>
            <footer_middle_column_1_size>3</footer_middle_column_1_size>
            <footer_middle_column_2>custom</footer_middle_column_2>
            <footer_middle_column_2_custom>porto_footer_middle_2_for_7</footer_middle_column_2_custom>
            <footer_middle_column_2_size>9</footer_middle_column_2_size>
            <footer_middle_column_3></footer_middle_column_3>
            <footer_middle_column_3_custom>porto_footer_features</footer_middle_column_3_custom>
            <footer_middle_column_3_size>3</footer_middle_column_3_size>
            <footer_middle_column_4></footer_middle_column_4>
            <footer_middle_column_4_custom>porto_footer_links</footer_middle_column_4_custom>
            <footer_middle_column_4_size>3</footer_middle_column_4_size>
            <footer_middle_2>0</footer_middle_2>
            <footer_middle_2_column_1>custom</footer_middle_2_column_1>
            <footer_middle_2_column_1_custom>porto_footer_links</footer_middle_2_column_1_custom>
            <footer_middle_2_column_1_size>3</footer_middle_2_column_1_size>
            <footer_middle_2_column_2>custom</footer_middle_2_column_2>
            <footer_middle_2_column_2_custom>porto_footer_links</footer_middle_2_column_2_custom>
            <footer_middle_2_column_2_size>3</footer_middle_2_column_2_size>
            <footer_middle_2_column_3>custom</footer_middle_2_column_3>
            <footer_middle_2_column_3_custom>porto_footer_links</footer_middle_2_column_3_custom>
            <footer_middle_2_column_3_size>3</footer_middle_2_column_3_size>
            <footer_middle_2_column_4>custom</footer_middle_2_column_4>
            <footer_middle_2_column_4_custom>porto_footer_links</footer_middle_2_column_4_custom>
            <footer_middle_2_column_4_size>3</footer_middle_2_column_4_size>
            <footer_bottom>1</footer_bottom>
            <footer_store_switcher>0</footer_store_switcher>
            <footer_logo_src></footer_logo_src>
            <footer_bottom_copyrights><![CDATA[© Porto eCommerce. 2016. All Rights Reserved]]></footer_bottom_copyrights>
            <footer_bottom_custom_1>porto_footer_bottom_social_icon_demo7</footer_bottom_custom_1>
            <footer_bottom_custom_2>porto_footer_bottom_custom_block_demo2</footer_bottom_custom_2>
        </footer>
        <category>
            <alternative_image>1</alternative_image>
            <aspect_ratio>0</aspect_ratio>
            <ratio_width>300</ratio_width>
            <ratio_height>400</ratio_height>
            <rating_star>1</rating_star>
            <product_price>1</product_price>
            <actions>1</actions>
            <addtocompare>1</addtocompare>
            <addtowishlist>1</addtowishlist>
            <category_description>main_column</category_description>
            <side_custom_block>porto_category_side_custom_block</side_custom_block>
        </category>
        <category_grid>
            <columns>4</columns>
            <move_actions>0</move_actions>
            <move_title>1</move_title>
        </category_grid>
        <product>
            <product_image_size>5</product_image_size>
            <side_custom_block>porto_product_side_custom_block_new</side_custom_block>
            <move_upsell_full>1</move_upsell_full>
        </product>
		<newsletter>
			<logo_src>default/logo.png</logo_src>
		</newsletter>
        <contacts>
            <enable>1</enable>
            <full_width>0</full_width>
            <address>Porto2 Store</address>
            <latitude>-34.398</latitude>
            <longitude>150.884</longitude>
            <zoom>18</zoom>
            <infoblock><![CDATA[<div class="row">
<div class="col-sm-12">
    <i class="porto-icon-phone"></i>
    <p>0201 203 2032</p>
    <p>0201 203 2032</p>
</div>
</div>
<div class="row">
<div class="col-sm-12">
    <i class="porto-icon-mobile"></i>
    <p>201-123-3922</p>
    <p>302-123-3928</p>
</div>
</div>
<div class="row">
<div class="col-sm-12">
    <i class="porto-icon-mail-alt"></i>
    <p>porto@gmail.com</p>
    <p>porto@portotemplate.com</p>
</div>
</div>
<div class="row">
<div class="col-sm-12">
    <i class="porto-icon-skype"></i>
    <p>porto_skype</p>
    <p>proto_template</p>
</div>
</div>]]></infoblock>
            <customblock></customblock>
        </contacts>
        <custom_settings>
            <custom_style><![CDATA[.page-main {
    padding-top: 15px;
    padding-bottom: 0;
    margin-bottom: 13px;
}
.cms-index-index .page-main, .breadcrumbs + .page-main {
    padding-top: 0;
}
.page-main > .columns {
    padding-top: 15px;
    padding-bottom: 20px;
}
.cms-index-index .page-main > .columns {
    padding: 0;
}
.cms-index-index .page-main, .cms-index-index .page-main > .columns {
    background-color: transparent;
}
.product-item-photo {
    padding: 0;
}
.page-header.type16.sticky-header .minicart-wrapper .action.showcart,
.page-header.type16.sticky-header .minicart-wrapper .action.showcart:before,
.page-header.type16.sticky-header .minicart-wrapper .action.showcart.active:before{
    color: #fff;
}
.header .form-search {
    border-radius: 20px !important;
}
#banner-slider-demo-7 .content h2{
    font-size: 42px;
    letter-spacing: -0.03em;
    font-weight: 900;
    color:#111;
    text-transform: uppercase;
    line-height: 1;
    margin: 2px 0 12px;
}
#banner-slider-demo-7 .content p {
    margin: 0;
    font-family: 'Oswald';
    font-size: 21px;
    color: #111;
    font-weight: 400;
    text-transform: uppercase;
    letter-spacing: 0.05em;
}
#banner-slider-demo-7 .content a.btn-default {
    font-family: 'Oswald';
    font-size: 14px;
    letter-spacing: 0.05em;
    color: #fff;
    text-transform: uppercase;
    margin-top: 25px;
    padding: 13px 20px;
    border-radius: 3px;
}
.owl-bottom-narrow .owl-controls {
    position: absolute;
    bottom: 20px;
    margin: 0;
    width: 100%;
}
#banner-slider-demo-7.owl-theme .owl-controls .owl-dot span {
    width: 13px;
    height: 3px;
    border-radius: 0;
    border: none;
    background-color: #fff;
}
#banner-slider-demo-7.owl-theme .owl-controls .owl-dot.active span {
    background-color: #2b2b2d;
}
.owl-theme .owl-controls .owl-dot span {
    width: 15px;
    height: 15px;
    border-radius: 100%;
    border: solid 2px #d5d5d5;
    background: none;
    position: relative;
    margin: 5px 2px 5px 2px;
}
.owl-theme .owl-controls .owl-dot.active span,.owl-theme .owl-controls .owl-dot:hover span{
    border-color:#05131c;
    background: none;
}
.owl-theme .owl-controls .owl-dot.active span:before,.owl-theme .owl-controls .owl-dot:hover span:before {
    content: '';
    position: absolute;
    left: 3px;
    top: 3px;
    right: 3px;
    bottom: 3px;
    background-color: #05131c;
    border-radius: 100%;
}
.custom-support {
    text-align: center;
}
.custom-support i {
    background-color: transparent;
    float: none;
    color: #0088cc;
    width: auto;
    height: auto;
    border-radius: 0;
    padding-bottom: 14px;
    display: inline-block;
}
.custom-support div.content {
    margin-left: 0;
    padding: 0 15px;
}
.custom-support div.content>h2 {
    text-transform: uppercase;
    font-size: 16px;
    color: #2b2b2d;
    line-height: 22px;
}
.custom-support div.content>em {
    color: #465157;
    font-size: 14px;
    line-height: 22px;
}
.custom-support div.content>p {
    font-size: 13px;
    line-height: 24px;
    color: #687176;
}
.brands-slider .owl-controls .owl-nav > div {
    position: absolute;
    top: calc(50% - 15px);
    background: none;
    color: #3a3a3c !important;
    font-size: 22px !important;
    padding: 0 !important;
    margin: 0px !important;
}
.brands-slider .owl-theme .owl-controls {
    margin: 0;
}
.brands-slider .owl-controls .owl-nav div.owl-prev {
    left: 8px;
}
.brands-slider .owl-controls .owl-nav div.owl-prev em:before {
    content: "\f80a";
}
.brands-slider .owl-controls .owl-nav div.owl-next {
    right: 8px;
}
.brands-slider .owl-controls .owl-nav div.owl-next em:before {
    content: "\f809";
}
.brands-slider.owl-side-narrow .owl-carousel {
    padding: 10px 106px;
}

.page-wrapper > .breadcrumbs {
    margin-top: -10px;
}
.breadcrumbs li.home a {
    width: 15px;
    display: inline-block;
    text-indent: 30px;
    overflow: hidden;
    float: left;
    position: relative;
    height: 5px;
}
.breadcrumbs li.home a:after {
    content: "\e883";
    font-family: 'porto-icons';
    position: absolute;
    left: 0;
    top: 0;
    text-indent: 0;
}
.sidebar.sidebar-main {
    position: relative;
}
.block-category-list .block-title,.filter-options-title,.filter .filter-current-subtitle {
    border: none;
    background-color: transparent;
    padding: 16px 20px 4px 20px;
    font-size: 15px;
    text-transform: uppercase;
    font-weight: 600;
    color: #21293c;
    letter-spacing: 0.01em;
}
.block-category-list .block-title {
    padding: 30px 20px 0 20px;
}
.block-category-list .block-title strong {
    font-weight: 600;
}
.block-category-list .block-content,.filter-options-content {
    border: none;
    background-color: transparent;
    padding: 10px 18px 26px 20px;
    border-bottom: #efefef solid 1px;
    position: relative;
    z-index: 2;
    border-radius: 0;
}
.filter-current .items {
    border: none;
    background-color: transparent;
    position: relative;
    z-index: 2;
}
.filter-current .item {
    padding-left: 20px;
}
.filter-current .action.remove {
    right: 20px;
    color: #21293c;
}
.filter-actions {
    border: none;
    background-color: transparent;
    border-bottom: #efefef solid 1px;
    position: relative;
    z-index: 2;
    padding-right: 20px;
}
.filter-actions a {
    color: #858585;
}
.filter-options-title:after {
    content: '\f803';
    border: none;
    color: #21293c;
    font-size: 17px;
    margin-top: -7px;
}
.filter-options-title:hover:after {
    background: none;
    color: #21293c;
}
.active > .filter-options-title:after {
    content: '\f800';
}
#ln_slider_price.ui-slider-horizontal {
    height: 3px;
    box-shadow: none;
}
#ln_slider_price .ui-slider-handle {
    width: 12px;
    height: 12px;
    border-radius: 100%;
}
.sidebar-title {
    font-size: 15px;
    font-weight: 600;
    color: #21293c;
    letter-spacing: 0.01em;
    margin-bottom: 20px;
    padding-left:20px;
    padding-right: 20px;
}
.porto-icon-left-open-huge:before {
    content: '\f802';
    color: #21293c;
}
.porto-icon-right-open-huge:before {
    content: '\f801';
    color: #21293c;
}
.sidebar .owl-top-narrow .owl-theme .owl-controls {
    top: -40px;
    right: -8px;
}
.sidebar .product-items .product-item-info .product-item-photo {
    max-width: 25.19%;
}
.sidebar .product-items .product-item-details {
    margin-left: calc(26% + 15px);
}
.sidebar .product-items .product-item-name a {
    font-size: 12px;
    color: #5b5b5f;
    font-weight: 400;
}
.sidebar .sidebar-filterproducts {
    margin-bottom: 30px;
    padding-bottom: 40px;
    background: none;
    border-bottom: #efefef solid 1px;
}
.sidebar .product-items .product-item .product-reviews-summary {
    display: block;
}
.sidebar-filterproducts.custom-block + h2 {
    font-size: 15px !important;
    text-transform: uppercase;
    font-weight: 600;
    color: #21293c !important;
    letter-spacing: 0.01em;
    padding: 0 20px;
}
.sidebar-filterproducts.custom-block + h2 +h5 {
    font-family: 'Open Sans' !important;
    font-weight: 600 !important;
    font-size: 14px !important;
    color: #7a7d82 !important;
    letter-spacing: 0.022em;
    padding: 0 20px;
}
.sidebar-filterproducts.custom-block + h2 + h5 + p {
    color: #21293c !important;
    font-size: 15px !important;
    letter-spacing: 0.01em;
    padding: 0 20px;
}
.sidebar .custom-block {
    padding: 0 20px;
}
.category-boxed-banner.owl-theme .owl-controls {
    bottom: 0;
}
.page-products .toolbar .limiter {
    display: block;
}
.page-with-filter .toolbar-amount {
    display: none;
}
.full-width-image-banner {
    height: 300px;
}
.full-width-image-banner:after {
    display: none;
}
.full-width-image-banner h2 {
    font-size: 36px;
    font-weight: 900;
    letter-spacing: -0.025em;
    text-transform: uppercase;
    line-height: 38px;
}
.full-width-image-banner p {
    font-size:18px;
    line-height:38px;
    font-weight: 700;
    text-transform:uppercase;
}
.full-width-image-banner .btn-default {
    font-size: 14px;
    line-height: 25px;
    letter-spacing: 0.025em;
    padding: 10px 20px;
    background-color: #010204;
    color: #fff;
    font-family: 'Oswald';
    text-transform: uppercase;
    border-radius: 2px;
    margin-top: 31px;
}
.page-products .toolbar .limiter .limiter-text {
    display: none;
}
.modes-mode.active {
    border: none;
    background: none;
    color: #111;
}
.modes-mode,.modes-mode:hover {
    border: none;
    background: none;
    color: #111;
    width: 15px;
}
.toolbar select {
    border: 1px solid #e4e4e4;
    height: 37px;
    color: #7a7d82;
    font-weight: 400;
    font-size: 14px;
    text-transform: capitalize;
    padding: 0 10px;
    padding-right: 30px;
    line-height: 31px;
}
.sorter-label {
    font-size: 14px;
    font-weight: 600;
    color: #21293c;
}
.toolbar-sorter .sorter-action {
    margin-top: 6px;
    color: #21293c;
}
.toolbar-sorter .sorter-action:before {
    color: #21293c;
}
.pages a.page,.pages strong.page,.pages .action {
    width: 32px;
    line-height: 32px;
}
.products-grid + .toolbar.toolbar-products {
    border-top: solid 1px #efefef;
    padding-top: 25px;
}
.product-item .product-reviews-summary {
    background: none;
}
.products-grid .product-item .product-item-info {
    background-color: #fff;
}
.products-grid:not(.side-list):not(.products-related) .product-item:hover .product-item-info {
    box-shadow: 0 2px 20px 0px rgba(0, 0, 0, 0.2);
}
.products-grid:not(.side-list) .product-item .product-item-info .product.name a {
    font-size: 14px;
}
.product.name a {
    color: #5b5b5f;
}
.price-box .price {
    font-family: 'Oswald';
    font-size: 18px;
    letter-spacing: 0.005em;
    color: #2b2b2d;
    font-weight: 400;
}
.old-price .price, .old.price {
    font-size: 14px;
}
.special-price .price {
    color: #ff0000;
    font-weight: 400;
}
.product-label.sale-label {
    border-radius: 20px;
    background-color: #f83737;
    color: #ffffff;
}
.product-label.new-label {
    border-radius: 20px;
    background-color: #0fc567;
    color: #ffffff;
}
.products-grid .product-item-details .product-item-actions .tocart {
    text-transform: uppercase;
    font-size: 12.53px;
    font-family: 'Oswald';
    font-weight: 400;
    letter-spacing: 0.025em;
    color: #6f6e6c;
    line-height: 30px;
    background-color: #f4f4f4;
    border-color: #f4f4f4;
}
.product-item .tocart:before {
    content: '\e87f';
    font-size: 17px;
    vertical-align: middle;
}
.product-item-actions .action.towishlist, .product-addto-links .action.towishlist, .action.towishlist,
.product-addto-links .action.tocompare, .product-item-actions .action.tocompare, .action.tocompare {
    border-color: #d8d8d6;
    background-color: #f4f4f4;
}
.products-grid .product-item-info:hover .product-item-details .product-item-actions .tocart {
    border-color: #2b2b2d;
    background-color: #2b2b2d;
}


.catalog-product-view .sidebar .custom-block {
    border: none;
    color: #6b7a83;
    padding-bottom: 0;
    margin-bottom: 33px;
    background: none;
}
.catalog-product-view .sidebar .custom-block-1>div i {
    color: #0088cc;
    border: none;
    font-size: 40px;
    float: left;
}
.catalog-product-view .sidebar .custom-block-1>div {
    min-height: 65px;
    clear: both;
    padding: 18px 0;
    border-bottom: solid 1px #dee5e8;
    margin-bottom: 0;
}
.catalog-product-view .sidebar .custom-block-1>div:last-child {
    border-bottom-width: 0;
}
.block-manufacturer {
    text-align: center;
    padding: 10px 20px 0;
    margin-bottom: 0;
}
.block-manufacturer hr {
    border-color: #dee5e8;
    margin-bottom: 0;
}
.catalog-product-view .sidebar .custom-block-1>div h3 {
    font-size: 14px;
    font-weight: 600;
    line-height: 20px;
    letter-spacing: 0.005em;
    color: #6b7a83;
    margin-left: 80px;
}
.block.related {
    padding: 0 20px;
}
.block .title strong {
    font-size: 15px;
    font-weight: 600;
    color: #21293c;
    letter-spacing: 0.01em;
    margin-bottom: 20px !important;
    padding-top: 0;
    text-transform: uppercase;
}
.block.related .product-items .product-item-actions {
    display: none;
}
.product-info-main .page-title-wrapper h1 {
    font-size: 25px;
    font-weight: 600;
    letter-spacing: -0.01em;
    color: #21293c;
    margin: 3px 0 15px;
}
.prev-next-products a {
    color: #555;
}
.product-reviews-summary .reviews-actions a {
    line-height: 20px;
    font-size: 14px;
    color: #bdbdbd;
}
.product-info-main .product.overview {
    font-size: 14px;
    font-weight: 400;
    letter-spacing: 0.005em;
    line-height: 27px;
    border-bottom: solid 1px #dae2e6;
}
.product.media {
    padding-right: 12px;
}
.fotorama__stage__shaft {
    border: none;
}
.fotorama__nav--thumbs .fotorama__thumb {
    border-color: #dae2e6;
}
.product-options-bottom .price-box .price-container .price, .product-info-price .price-box .price-container .price {
    font-family: 'Oswald';
    font-size: 21px;
    font-weight: 700;
    letter-spacing: 0.005em;
}
.product-info-main .product-info-price .old-price .price-wrapper .price {
    font-size: 16px;
    color: #2b2b2d;
    font-weight: 400;
}
.product-info-main .fieldset > .field.qty, .product-info-main .nested.options-list > .field.qty {
    position: relative;
    width: 106px;
}
.product-info-main .qty.field .control, .product-info-main .qty.field .qty-changer {
    margin-left: 29px;
}
.product-info-main .qty.field .qty-changer > a {
    position: absolute;
    top: 0;
    left: 0;
    height: 43px;
    width: 30px;
    line-height: 41px;
    text-align: center;
    margin: 0;
    border-color: #dae2e6;
}
.product-info-main .qty.field .qty-changer > a:first-child {
    left: auto;
    right: 4px;
}
.product-info-main .box-tocart .input-text.qty {
    font-family: 'Oswald';
    display: inline-block;
    vertical-align: middle;
    height: 43px;
    width: 44px!important;
    font-size: 14px;
    font-weight: 400;
    text-align: center;
    color: #61605a;
    margin: 0;
    border-color: #dae2e6;
}
.product-info-main .qty.field .qty-changer > a .porto-icon-up-dir:before {
    content: '\f882';
}
.product-info-main .qty.field .qty-changer > a .porto-icon-down-dir:before {
    content: '\f883';
}
.box-tocart .action.tocart {
    height: 43px;
    font-size: 14px;
    letter-spacing: 0.05em;
    font-weight: 400;
}
.box-tocart .action.tocart:before {
    content: '\e87f';
    font-family: 'porto-icons';
    margin-right: 7px;
    font-size: 16px;
}
.action.primary,.action.primary:active {
    font-family: "Oswald";
    letter-spacing: 1px;
    text-transform: uppercase;
}
.product-addto-links .action.towishlist,.product-addto-links .action.tocompare,.product-social-links .action.mailto.friend{
    width: 43px;
    height: 43px;
    line-height: 41px;
}
.product.data.items > .item.content {
    background-color: #fff;
    box-shadow: none;
    border: none;
    border-top: #dae2e6 solid 1px;
    font-size: 14px;
    font-weight: 400;
    letter-spacing: 0.005em;
    line-height: 27px;
}

.main-upsell-product-detail .block.upsell .title strong {
    background: none;
}
.block.upsell .title {
    background: none;
    border-bottom: #e1e1e1 solid 1px;
    font-weight: 700;
    margin-bottom: 16px;
    padding-bottom: 10px;
    text-transform: uppercase;
    text-align: left;
}
.block.upsell .title strong {
    font-size: 18px;
    font-weight: 700;
    color: #302e2a;
}
.review-ratings .rating-label {
    display: block;
}
.page-footer {
    margin-top: 20px;
}
.footer .container > .row {
    margin: 0;
}
.footer-top, .footer-middle, .footer-bottom {
    margin: 0 auto;
}
.footer-top {
    text-align: left;
    padding: 15px 0 0;
}
.footer-top .block .block-title {
    margin-bottom: 13px;
    padding-top: 25px;
}
.footer-top .block .block-title strong {
    font-size: 14px;
    font-weight: 600;
    text-transform: uppercase;
    color: #2b2b2d;
}
.footer-container .validation-advice {
    position: absolute;
}
.footer-top .block.newsletter {
    width: auto;
    max-width: 400px;
    display: inline-block;
    margin-bottom: 0;
}
.footer-top .block.newsletter .control:before {
    line-height: 48px;
    margin-left: 20px;
}
.footer-top .block.newsletter .control {
    position: relative;
}
.footer-top .block.newsletter .control input {
    background-color: #ebebee;
    color: #686865;
    height: 48px;
    border: none;
    font-size: 14px;
    border-radius: 30px 0 0 30px;
    padding-left: 40px;
}
.footer-top .block.newsletter .control div.mage-error {
    position: absolute;
    bottom: -22px;
}
.footer-top .block.newsletter .actions button {
    height: 48px;
    border-radius: 0 30px 30px 0;
    text-transform: uppercase;
    padding: 0 22px;
}
.footer-top .block-content {
    display: inline-block;
    vertical-align: middle;
}
.footer .social-icons {float: left;}
.footer-bottom .social-icons a {
    background-image: none;
    background-color: #fff;
    text-indent: 0;
    color: #333333;
    border-radius: 0;
    font-size: 13.67px;
    width: 32px;
    height: 32px;
    text-align: center;
    margin-left: 0;
    margin-right: 4px;
    float: left;
    line-height: 32px;
    border-radius: 100%;
}
.footer-bottom .social-icons [class^="porto-icon-"] {
    color: inherit;
}
.footer-middle {
    padding:24px 0;
}
.footer-middle .block .block-title {
    margin-bottom: 15px;
}
.footer-middle .block .block-title strong {
    font-size: 14px;
    font-weight: 600;
    text-transform: uppercase;
}
.footer-middle ul.links li,
.footer-middle ul.features li {
    padding: 6px 0;
}
.footer-middle ul.contact-info li:first-child{
    border-top-width: 0;
}
.footer-middle ul.contact-info li {
    padding: 12px 0;
}
.footer-middle ul.contact-info i {
    color: #e1ddc3 !important;
    font-size: 26px;
    line-height: 28px;
}
.footer-middle ul.contact-info p{
    line-height: 1;
}
.footer-middle ul.contact-info b {
    font-weight: 400;
    font-size: 13px;
    margin-bottom: 7px;
    display: inline-block;
}
.footer-middle .working span {
    text-transform: uppercase;
    font-size: 13px;
    letter-spacing: 0.005em;
    line-height: 18px;
}
.footer-middle .working span b {
    text-transform: capitalize;
    color: #a8a8a8;
}
.footer-bottom .custom-block {
    margin: 0;
    padding: 0 15px;
}
.footer-bottom address {
    margin-right: 60px;
}
@media (min-width: 640px) {
    .page-products .sorter {
        float: left;
    }
    .modes {
        float: right;
        margin-right: 0;
        margin-left: 20px;
        margin-top: 5px;
    }
    .modes-mode:before {
        content: '\e880';
        font-size: 14px;
    }
    .mode-list:before {
        content: '\e87b';
        font-size: 14px;
    }
    .products.wrapper ~ .toolbar .limiter {
        float: left;
    }
    .products.wrapper ~ .toolbar .pages {
        float: right;
    }
}
@media (min-width: 768px) {
    .page-header.type16 .block-search input {
        background-color: #fff;
        color: #8d8d8d;
        border-radius: 20px;
    }
    .sidebar.sidebar-main:before {
        content: '';
        position: absolute;
        left: 0;
        right: 22px;
        border: solid 1px #dae2e6;
        top: 0;
        bottom: 0;
        border-radius: 2px;
    }
    .product.data.items > .item.title {
        padding: 10px 30px 10px 0;
    }
    .product.data.items > .item.title > .switch {
        font-size: 14px;
        font-weight: 700;
        color: #818692;
        text-transform: uppercase;
        border: none;
        border-radius: 0;
        line-height: 30px;
        background: none;
        padding: 0;
    }
    .product.data.items > .item.title:not(.disabled) > .switch:focus,
    .product.data.items > .item.title:not(.disabled) > .switch:hover {
        background: none;
        color: #818692;
    }
    .product.data.items > .item.title.active > .switch,
    .product.data.items > .item.title.active > .switch:focus,
    .product.data.items > .item.title.active > .switch:hover {
        color: #21293c;
        position: relative;
        border-bottom: #0088CC solid 2px;
    }
    .product.data.items > .item.content {
        padding: 35px 0 0;
        margin-top: 45px;
    }
}
@media (min-width: 1070px) {
    body:not(.cms-index-index) .page-main {
        width: 1140px;
        padding: 0 15px;
    }
    .footer-top, .footer-middle, .footer-bottom {
        width: 1140px;
    }
}
@media (max-width: 991px) {
    #banner-slider-demo-7 .content {
        top: 23% !important;
        right: 10% !important;
    }
    #banner-slider-demo-7 .content h2 {
        font-size: 30px;
    }
    #banner-slider-demo-7 .content p {
        font-size: 16px;
    }
    #banner-slider-demo-7 .content a.btn-default {
        margin-top: 15px;
        padding: 9px 15px;
        font-size: 14px;
    }
}
@media (max-width: 767px) {
    #banner-slider-demo-7 .content {
        top: 22% !important;
        right: 5% !important;
    }
    #banner-slider-demo-7 .content h2 {
        font-size: 19px;
        margin-bottom: 5px;
    }
    #banner-slider-demo-7 .content p {
        font-size: 12px;
    }
    #banner-slider-demo-7 .content a.btn-default {
        margin-top: 10px;
        padding: 5px 10px;
        font-size: 11px;
    }
    .homepage-bar .col-md-4 {
        text-align: left !important;
    }
    .sidebar.sidebar-main {
        position: static;
    }
    .page-products .columns {
        position: relative;
        z-index: 1;
        padding-top: 60px;
    }
    .page-products .toolbar .limiter {
        display: none;
    }
    .product.data.items {
        margin: 0;
    }
    .prev-next-products .product-nav.product-next .product-pop {
        margin: 0;
    }
    .prev-next-products .product-nav.product-prev .product-pop {
        left: -20px;
    }
    .product-info-main .fieldset > .field.qty {
        margin-bottom: 20px;
    }
    .fieldset > .actions {
        vertical-align: top;
    }
    .catalog-product-view .sidebar .custom-block {
        padding: 0;
    }
}]]></custom_style>
            <custom_style_2><![CDATA[]]></custom_style_2>
        </custom_settings>
    </porto_settings>
    <porto_design>
        <general>
            <theme_color>1B65A9</theme_color>
        </general>
        <font>
            <custom>0</custom>
            <font_size></font_size>
            <font_family></font_family>
            <custom_font_family></custom_font_family>
            <google_font_family></google_font_family>
            <char_latin_ext></char_latin_ext>
            <char_subset></char_subset>
        </font>
        <colors>
            <custom>1</custom>
            <text_color>687176</text_color>
            <link_color></link_color>
            <link_hover_color></link_hover_color>
            <button_bg_color></button_bg_color>
            <button_text_color></button_text_color>
            <button_hover_bg_color></button_hover_bg_color>
            <button_hover_text_color></button_hover_text_color>
            <addtowishlist_color>2B2B2D</addtowishlist_color>
            <addtowishlist_hover_color>2B2B2D</addtowishlist_hover_color>
            <addtocompare_color>2B2B2D</addtocompare_color>
            <addtocompare_hover_color>2B2B2D</addtocompare_hover_color>
            <breadcrumbs_bg_color>transparent</breadcrumbs_bg_color>
            <breadcrumbs_color>8E8E8E</breadcrumbs_color>
            <breadcrumbs_links_color>8E8E8E</breadcrumbs_links_color>
            <breadcrumbs_links_hover_color>8E8E8E</breadcrumbs_links_hover_color>
            <sale_bg_color>F83737</sale_bg_color>
            <sale_font_color>FFFFFF</sale_font_color>
            <new_bg_color>0FC567</new_bg_color>
            <new_font_color>FFFFFF</new_font_color>
        </colors>
        <header>
            <custom>1</custom>
            <header_bgcolor>transparent</header_bgcolor>
            <header_bg_image></header_bg_image>
            <header_bordercolor>1B65A9</header_bordercolor>
            <header_textcolor>999999</header_textcolor>
            <header_linkcolor>999999</header_linkcolor>
            <header_top_links_bgcolor>transparent</header_top_links_bgcolor>
            <header_top_links_color>999999</header_top_links_color>
            <header_menu_bgcolor>1D70BA</header_menu_bgcolor>
            <header_menu_color>FFFFFF</header_menu_color>
            <header_menu_hover_bgcolor>1B65A9</header_menu_hover_bgcolor>
            <header_menu_hover_color>FFFFFF</header_menu_hover_color>
            <header_menu_classicmenu_bgcolor></header_menu_classicmenu_bgcolor>
            <header_menu_classicmenu_bordercolor></header_menu_classicmenu_bordercolor>
            <header_menu_classicmenu_color></header_menu_classicmenu_color>
            <header_menu_classicmenu_hover_bgcolor></header_menu_classicmenu_hover_bgcolor>
            <header_menu_classicmenu_hover_color></header_menu_classicmenu_hover_color>
            <header_search_bgcolor></header_search_bgcolor>
            <header_search_text_color></header_search_text_color>
            <header_search_bordercolor></header_search_bordercolor>
            <header_minicart_bgcolor></header_minicart_bgcolor>
            <header_minicart_color></header_minicart_color>
            <header_minicart_icon_color>1B65A9</header_minicart_icon_color>
        </header>
        <footer>
            <custom>1</custom>
            <footer_top_bgcolor>FFFFFF</footer_top_bgcolor>
            <footer_top_color>687176</footer_top_color>
            <footer_top_link_color>687176</footer_top_link_color>
            <footer_top_link_hover_color>687176</footer_top_link_hover_color>
            <footer_middle_bgcolor>FFFFFF</footer_middle_bgcolor>
            <footer_middle_color>687176</footer_middle_color>
            <footer_middle_link_color>687176</footer_middle_link_color>
            <footer_middle_link_hover_color>687176</footer_middle_link_hover_color>
            <footer_middle_title_color>2B2B2D</footer_middle_title_color>
            <footer_middle_links_icon_color></footer_middle_links_icon_color>
            <footer_middle_ribbon_bgcolor></footer_middle_ribbon_bgcolor>
            <footer_middle_ribbon_shadow_color></footer_middle_ribbon_shadow_color>
            <footer_middle_ribbon_color></footer_middle_ribbon_color>
            <footer_middle_2_bgcolor></footer_middle_2_bgcolor>
            <footer_middle_2_color></footer_middle_2_color>
            <footer_middle_2_link_color></footer_middle_2_link_color>
            <footer_middle_2_link_hover_color></footer_middle_2_link_hover_color>
            <footer_middle_2_title_color></footer_middle_2_title_color>
            <footer_middle_2_links_icon_color></footer_middle_2_links_icon_color>
            <footer_bottom_bgcolor>transparent</footer_bottom_bgcolor>
            <footer_bottom_color>687176</footer_bottom_color>
            <footer_bottom_link_color>687176</footer_bottom_link_color>
            <footer_bottom_link_hover_color>687176</footer_bottom_link_hover_color>
        </footer>
        <page>
            <custom>1</custom>
            <page_bgcolor>F6F6F6</page_bgcolor>
            <page_bg_image></page_bg_image>
            <page_custom_style></page_custom_style>
        </page>
        <main>
            <custom>1</custom>
            <main_bgcolor>FFFFFF</main_bgcolor>
            <main_bg_image></main_bg_image>
            <main_custom_style><![CDATA[]]></main_custom_style>
        </main>
    </porto_design>
</config>
</root>