<root>
<config>
    <web>
        <default>
            <cms_home_page>porto_home_18</cms_home_page>
            <cms_no_route>no-route-2</cms_no_route>
        </default>
    </web>
    <cms>
        <wysiwyg>
            <enabled>hidden</enabled>
        </wysiwyg>
    </cms>
	<design>
		<header>
			<logo_width></logo_width>
			<logo_height></logo_height>
			<logo_src>default/logo_red.png</logo_src>
		</header>
	</design>
	<dev>
		<js>
			<merge_files>1</merge_files>
		</js>
	</dev>
    <porto_settings>
        <general>
            <boxed>wide</boxed>
            <layout>1170</layout>
            <disable_border_radius>1</disable_border_radius>
            <show_site_notice>0</show_site_notice>
        </general>
        <header>
            <header_type>17</header_type>
            <static_block>porto_custom_block_for_header_home1</static_block>
            <sticky_header_logo></sticky_header_logo>
        </header>
        <footer>
            <footer_top>0</footer_top>
            <footer_top_block>custom</footer_top_block>
            <footer_top_custom></footer_top_custom>
            <footer_middle>1</footer_middle>
            <footer_ribbon>0</footer_ribbon>
            <footer_ribbon_text>Ribbon Text</footer_ribbon_text>
            <footer_middle_column_1>custom</footer_middle_column_1>
            <footer_middle_column_1_custom>porto_footer_contact_information</footer_middle_column_1_custom>
            <footer_middle_column_1_size>3</footer_middle_column_1_size>
            <footer_middle_column_2>custom</footer_middle_column_2>
            <footer_middle_column_2_custom>porto_footer_links</footer_middle_column_2_custom>
            <footer_middle_column_2_size>2</footer_middle_column_2_size>
            <footer_middle_column_3>custom</footer_middle_column_3>
            <footer_middle_column_3_custom>porto_footer_features</footer_middle_column_3_custom>
            <footer_middle_column_3_size>3</footer_middle_column_3_size>
            <footer_middle_column_4>custom</footer_middle_column_4>
            <footer_middle_column_4_custom>porto_footer_newsletter</footer_middle_column_4_custom>
            <footer_middle_column_4_size>4</footer_middle_column_4_size>
            <footer_middle_2>0</footer_middle_2>
            <footer_middle_2_column_1>custom</footer_middle_2_column_1>
            <footer_middle_2_column_1_custom>porto_footer_links</footer_middle_2_column_1_custom>
            <footer_middle_2_column_1_size>3</footer_middle_2_column_1_size>
            <footer_middle_2_column_2>custom</footer_middle_2_column_2>
            <footer_middle_2_column_2_custom>porto_footer_links</footer_middle_2_column_2_custom>
            <footer_middle_2_column_2_size>3</footer_middle_2_column_2_size>
            <footer_middle_2_column_3>custom</footer_middle_2_column_3>
            <footer_middle_2_column_3_custom>porto_footer_links</footer_middle_2_column_3_custom>
            <footer_middle_2_column_3_size>3</footer_middle_2_column_3_size>
            <footer_middle_2_column_4>custom</footer_middle_2_column_4>
            <footer_middle_2_column_4_custom>porto_footer_links</footer_middle_2_column_4_custom>
            <footer_middle_2_column_4_size>3</footer_middle_2_column_4_size>
            <footer_bottom>1</footer_bottom>
            <footer_store_switcher>0</footer_store_switcher>
            <footer_logo_src></footer_logo_src>
            <footer_bottom_copyrights><![CDATA[© Porto eCommerce. 2016. All Rights Reserved.]]></footer_bottom_copyrights>
            <footer_bottom_custom_1></footer_bottom_custom_1>
            <footer_bottom_custom_2>porto_footer_bottom_custom_block_demo5</footer_bottom_custom_2>
        </footer>
        <category>
            <alternative_image>1</alternative_image>
            <aspect_ratio>0</aspect_ratio>
            <ratio_width>300</ratio_width>
            <ratio_height>300</ratio_height>
            <rating_star>1</rating_star>
            <product_price>1</product_price>
            <actions>1</actions>
            <addtocompare>0</addtocompare>
            <addtowishlist>0</addtowishlist>
            <category_description>full_width</category_description>
            <side_custom_block>porto_category_side_custom_block</side_custom_block>
        </category>
        <category_grid>
            <columns>4</columns>
            <flex_grid>0</flex_grid>
            <move_actions>1</move_actions>
            <move_title>1</move_title>
        </category_grid>
        <product>
            <product_image_size>6</product_image_size>
            <side_custom_block>porto_product_side_custom_block_demo17</side_custom_block>
            <move_upsell_full>1</move_upsell_full>
        </product>
		<newsletter>
			<logo_src>default/logo_red.png</logo_src>
		</newsletter>
        <contacts>
            <enable>1</enable>
            <full_width>0</full_width>
            <address>Porto2 Store</address>
            <latitude>-34.398</latitude>
            <longitude>150.884</longitude>
            <zoom>18</zoom>
            <infoblock><![CDATA[<div class="row">
<div class="col-sm-12">
    <i class="porto-icon-phone"></i>
    <p>0201 203 2032</p>
    <p>0201 203 2032</p>
</div>
</div>
<div class="row">
<div class="col-sm-12">
    <i class="porto-icon-mobile"></i>
    <p>201-123-3922</p>
    <p>302-123-3928</p>
</div>
</div>
<div class="row">
<div class="col-sm-12">
    <i class="porto-icon-mail-alt"></i>
    <p>porto@gmail.com</p>
    <p>porto@portotemplate.com</p>
</div>
</div>
<div class="row">
<div class="col-sm-12">
    <i class="porto-icon-skype"></i>
    <p>porto_skype</p>
    <p>proto_template</p>
</div>
</div>]]></infoblock>
            <customblock></customblock>
        </contacts>
        <custom_settings>
            <custom_style><![CDATA[.page-header.type17 {
    background-color: #fff;
    color: inherit;
    border-top-width: 3px;
}
.page-header.type17 .minicart-wrapper .action.showcart {
    padding-right: 23px;
}
.page-header.type17 .minicart-wrapper .action.showcart:before, .page-header.type17 .minicart-wrapper .action.showcart.active:before {
    font-size: 33px;
}
.page-header.type17 .minicart-wrapper .action.showcart .counter.qty {
    margin-top: -21px;
    background-color: #ff5b5b;
}
.page-header.type17 .minicart-wrapper .action.showcart:after {
    right: -6px;
    color: #606669;
}
.page-header.type17 .custom-block {
    display: inline-block;
    text-align: left;
    font-size: 11px;
    height: 42px;
    line-height: 1;
    border-right: solid 2px #dde0e2;
    padding-right: 35px;
    margin-right: 0;
    margin-top: -21px;
    right: 113px;
}
.page-header.type17 .custom-block b{
    color: #333 !important;
}
#banner-slider-demo-18 .content-1 {
    font-family: 'Oswald';
    position: absolute;
    right: 0;
    bottom: 0;
    left: auto;
    top: auto;
    padding: 0;
    text-align: left;
    margin-left: 0;
    margin-top: 0;
}
#banner-slider-demo-18 .content-1 p {
    font-size: 18px;
    letter-spacing: 0.1em;
    text-transform: uppercase;
    margin: 0 0 10px;
}
#banner-slider-demo-18 .content-1 h3 {
    font-size: 43px;
    letter-spacing: 0.025em;
    text-transform: uppercase;
    font-weight: 400;
}
#banner-slider-demo-18 .content-1 h4 {
    font-family: 'Poppins', sans-serif;
    font-size: 185px;
    line-height: 0.6;
    margin: 0;
    font-weight: 700;
    position: relative;
    letter-spacing: -0.05em;
    top: 1px;
    margin-top: 22px;
}
#banner-slider-demo-18 .content-1 h5 {
    position: absolute;
    top:32%;
    right: 82px;
    font-size: 22px;
    margin: 0;
    line-height: 1;
    font-weight: 300;
    text-align: center;
    letter-spacing: 0.1em;
}
#banner-slider-demo-18 .content-1 .action {
    position: absolute;
    bottom: 0;
    right: 0;
    background-color: #2f2727;
}
#banner-slider-demo-18 .content-1 .action a {
    font-family: 'Oswald';
    font-size: 12px;
    letter-spacing: 0.075em;
    color: #fff;
    display: block;
    padding: 8px 10px;
    text-transform: uppercase;
}
.single-images .single-image-label {
    font-family: 'Oswald';
    font-size: 18px;
    color: #282d3b;
    letter-spacing: 0.05em;
    font-weight: 400;
    text-align: left;
    position: relative;
    margin-bottom: 19px;
}
.single-images .single-image-label:after {
    content: '';
    position: absolute;
    width: 11px;
    height: 2px;
    left:0;
    bottom: 4px;
    background-color: #d92a2e;
}
.single-images .caption {
    background-color: transparent;
    color: #2b2b2d;
    font-family: 'Poppins';
    font-size: 14px;
    font-weight: 600;
    border-bottom: solid 1px #e5e5e5;
    text-align: left;
    padding: 7px 0;
}
.our-brands .owl-side-narrow .owl-carousel {
    padding: 0 80px;
}
.our-brands .owl-side-narrow .owl-controls .owl-nav > div.owl-prev {
    left: 0;
}
.our-brands .owl-side-narrow .owl-controls .owl-nav > div.owl-next {
    right: 0;
}
.owl-side-narrow .owl-controls {
    margin: 0;
}
.owl-side-narrow .owl-theme .owl-controls .owl-nav > div {
    position: absolute;
    top: 35%;
    margin: 0;
    padding: 0;
}
.owl-side-narrow .owl-controls .owl-nav > div.owl-prev em:before {
    content: '\f80a';
    font-size: 24px;
    color: #c4c4c4;
}
.owl-side-narrow .owl-controls .owl-nav > div.owl-prev {
    left: 0;
}
.owl-side-narrow .owl-controls .owl-nav > div.owl-next {
    right: 0;
}
.owl-side-narrow .owl-controls .owl-nav > div.owl-next em:before {
    content: '\f809';
    font-size: 24px;
    color: #c4c4c4;
}
.filterproduct-title {
    background: none;
    font-family: 'Oswald';
    font-size: 18px;
    letter-spacing: 0.05em;
    color: #282d3b;
    text-align: center;
    text-transform: uppercase;
    font-weight: 400;
    margin-bottom: 16px;
}
.filterproduct-title .content{
    background: none;
    padding: 0;
    position: relative;
}
.filterproduct-title .content strong{
    font-weight: 400;
}
.filterproduct-title .content:after {
    content: '';
    position: absolute;
    width: 11px;
    height: 2px;
    background-color: #d92a2e;
    left:0;
    right: 0;
    margin: 0 auto;
    bottom: -6px;
}
.our-instagram {overflow: hidden;}
.our-instagram .main-instagram .item {
    position: relative;
    width: 10%;
    float: left;
}
.our-instagram .main-instagram .item img {
    width: 100%;
}
.our-instagram .main-instagram .item .content {
    position: absolute;
    left: 0;
    right: 0;
    top:0;
    background-color: rgba(255, 0, 0, 0.5);
    text-align: center;
    height: 100%;
    vertical-align: middle;
    font-size: 35px;
    color: #fff;
    opacity: 0;
    visibility: hidden;
    transition: all 0.3s;
}
.our-instagram .main-instagram .item:hover .content {
    opacity: 1;
    visibility: visible;
}
.our-instagram .main-instagram .item .content i {
    position: absolute;
    top:calc(50% - 26.5px);
    left: calc(50% - 24.5px);
    display: inline-block;
    vertical-align: middle;
}
.photo-instagrams .col-lg-2 {
    width:10%;
    padding:0;
}
.photo-instagrams .image-link .content {
    display:block;
}

.catalog-category-view .page-main, .catalog-product-view .page-main {
    padding-top: 0;
}
.page-wrapper > .breadcrumbs {
    border-top: #f3f3f3 solid 1px;
}
.page-wrapper > .breadcrumbs .items {
    padding: 15px 15px 10px;
}
.breadcrumbs li.home a {
    width: 15px;
    display: inline-block;
    text-indent: 30px;
    overflow: hidden;
    float: left;
    position: relative;
    height: 5px;
}
.breadcrumbs li.home a:after {
    content: "\e883";
    font-family: 'porto-icons';
    position: absolute;
    left: 0;
    top: 0;
    text-indent: 0;
}
.sidebar.sidebar-main {
    position: relative;
}
.block-category-list .block-title,.filter-options-title,.filter .filter-current-subtitle {
    border: none;
    background-color: transparent;
    padding: 16px 20px 4px 20px;
    font-size: 15px;
    text-transform: uppercase;
    font-weight: 600;
    color: #21293c;
    letter-spacing: 0.01em;
}
.block-category-list .block-title {
    padding: 30px 20px 0 20px;
}
.block-category-list .block-title strong {
    font-weight: 600;
}
.block-category-list .block-content,.filter-options-content {
    border: none;
    background-color: transparent;
    padding: 10px 20px 26px 20px;
    border-bottom: #efefef solid 1px;
    position: relative;
    z-index: 2;
    border-radius: 0;
}
.filter-current .items {
    border: none;
    background-color: transparent;
    position: relative;
    z-index: 2;
}
.filter-current .item {
    padding-left: 20px;
}
.filter-current .action.remove {
    right: 20px;
    color: #21293c;
}
.filter-actions {
    border: none;
    background-color: transparent;
    border-bottom: #efefef solid 1px;
    position: relative;
    z-index: 2;
    padding-right: 20px;
}
.filter-actions a {
    color: #858585;
}
.filter-options-title:after {
    content: '\f803';
    border: none;
    color: #21293c;
    font-size: 17px;
    margin-top: -7px;
}
.filter-options-title:hover:after {
    background: none;
    color: #21293c;
}
.active > .filter-options-title:after {
    content: '\f800';
}
#ln_slider_price.ui-slider-horizontal {
    height: 3px;
    box-shadow: none;
    background: #D92A2E;
}
#ln_slider_price .ui-slider-handle {
    width: 12px;
    height: 12px;
    border-radius: 100%;
}
.sidebar-title {
    font-size: 15px;
    font-weight: 600;
    color: #21293c;
    letter-spacing: 0.01em;
    margin-bottom: 20px;
    padding-left:20px;
    padding-right: 20px;
}
.porto-icon-left-open-huge:before {
    content: '\f802';
    color: #21293c;
}
.porto-icon-right-open-huge:before {
    content: '\f801';
    color: #21293c;
}
.sidebar .owl-top-narrow .owl-theme .owl-controls {
    top: -40px;
    right: -8px;
}
.sidebar .product-items .product-item-info .product-item-photo {
    max-width: 25.19%;
}
.sidebar .product-items .product-item-details {
    margin-left: calc(26% + 15px);
}
.sidebar .product-items .product-item-name a {
    font-size: 12px;
    color: #5b5b5f;
    font-weight: 400;
}
.sidebar .sidebar-filterproducts {
    margin-bottom: 30px;
    padding-bottom: 40px;
    background: none;
    border-bottom: #efefef solid 1px;
}
.sidebar .product-items .product-item .product-reviews-summary {
    display: block;
}
.sidebar-filterproducts.custom-block + h2 {
    font-size: 15px !important;
    text-transform: uppercase;
    font-weight: 600;
    color: #21293c !important;
    letter-spacing: 0.01em;
    padding: 0 20px;
}
.sidebar-filterproducts.custom-block + h2 +h5 {
    font-family: 'Open Sans' !important;
    font-weight: 600 !important;
    font-size: 14px !important;
    color: #7a7d82 !important;
    letter-spacing: 0.022em;
    padding: 0 20px;
}
.sidebar-filterproducts.custom-block + h2 + h5 + p {
    color: #21293c !important;
    font-size: 15px !important;
    letter-spacing: 0.01em;
    padding: 0 20px;
}
.sidebar .custom-block {
    padding: 0 20px;
}
.page-products .toolbar .limiter {
    display: block;
}
.page-with-filter .toolbar-amount {
    display: none;
}
.full-width-image-banner {
    height: 300px;
}
.full-width-image-banner:after {
    display: none;
}
.full-width-image-banner h2 {
    font-size: 36px;
    font-weight: 900;
    letter-spacing: -0.025em;
    text-transform: uppercase;
    line-height: 38px;
}
.full-width-image-banner p {
    font-size:18px;
    line-height:38px;
    font-weight: 700;
    text-transform:uppercase;
}
.full-width-image-banner .btn-default {
    font-size: 14px;
    line-height: 25px;
    letter-spacing: 0.025em;
    padding: 10px 20px;
    background-color: #010204;
    color: #fff;
    font-family: 'Oswald';
    text-transform: uppercase;
    border-radius: 2px;
    margin-top: 31px;
}
.page-products .toolbar .limiter .limiter-text {
    display: none;
}
.modes-mode.active {
    border: none;
    background: none;
    color: #111;
}
.modes-mode,.modes-mode:hover {
    border: none;
    background: none;
    color: #111;
    width: 15px;
}
.toolbar select {
    border: 1px solid #e4e4e4;
    height: 37px;
    color: #7a7d82;
    font-weight: 400;
    font-size: 14px;
    text-transform: capitalize;
    padding: 0 10px;
    padding-right: 30px;
    line-height: 31px;
}
.sorter-label {
    font-size: 14px;
    font-weight: 600;
    color: #21293c;
}
.toolbar-sorter .sorter-action {
    margin-top: 6px;
    color: #21293c;
}
.toolbar-sorter .sorter-action:before {
    color: #21293c;
}
.pages a.page,.pages strong.page,.pages .action {
    width: 32px;
    line-height: 32px;
}
.products-grid + .toolbar.toolbar-products {
    border-top: solid 1px #efefef;
    padding-top: 25px;
}
.product-item .product-reviews-summary {
    background: none;
}
.products-grid:not(.side-list):not(.products-related):not(.small-list) .product-item .product-reviews-summary,
.products-grid:not(.side-list):not(.products-related):not(.small-list) .product-item .product-item-name{
    text-align: left;
    padding-left: 10px;
    padding-right: 70px;
}
.products-grid:not(.side-list):not(.products-related):not(.small-list) .product-item .product-item-name{
    margin-bottom: 15px;
}
.products-grid:not(.side-list):not(.products-related):not(.small-list) .product-item .price-box {
    display: inline-block;
    position: absolute;
    right: 10px;
    top: 11px;
}
.products-grid:not(.side-list):not(.products-related):not(.small-list) .product-item .old-price,
.products-grid:not(.side-list):not(.products-related):not(.small-list) .product-item .special-price {
    display: block;
    text-align: right;
}
.product-item-photo .product-item-inner {
    top: 0;
    left: 20px;
    bottom: auto;
}
.product-item-photo .product-item-inner .product-item-actions > .actions-primary .tocart {
    border:none;
    background: none;
    color: #D92A2E;
}
.product-item .product-item-photo .product-item-inner .tocart:before {
    font-size: 24px;
}
.small-list.products-grid .product-item-info .product-item-photo {
    border: solid 1px #e8e8e8;
}
.small-list.products-grid .product-item-info .product-item-details {
    padding-left: 15px;
}
.small-list.products-grid .product-item-info .product-item-details a{
    font-size: 14px;
    color: #5b5b5f;
    letter-spacing: 0.005em;
}
.small-list .price-box .price {
    font-size: 15px;
}
.small-list .old-price .price {
    font-size: 12px;
}
.price-box .price {
    font-family: 'Oswald';
    font-weight: 400;
    font-size: 18px;
    letter-spacing: 0.005em;
    color: #D92A2E;
}
.old-price .price {
    font-size: 14px;
    color: #999;
}
.filterproducts-tab .owl-side-narrow {
    margin: 0 -10px;
}
.filterproducts-tab .owl-side-narrow .owl-carousel .owl-item > .item {
    padding: 10px;
}
.products-grid:not(.side-list):not(.products-related):not(.small-list) .product-item .product-item-details {
    padding: 12px 0 9px;
    position: relative !important;
}
.products-grid .product-item .product-item-info:hover .weltpixel-quickview.weltpixel_quickview_button_v2 {
    position: absolute;
    right: 0;
    left: 0;
    top: auto;
    bottom: 19px;
    background-color: #D92A2E;
    font-size: 12px;
    font-family: 'Oswald';
    letter-spacing: 0.075em;
    line-height: 27px;
    font-weight: 400;
    text-align: center;
    height: 27px;
    width: 100px;
    margin: 0 auto;
    padding: 0;
    text-transform: uppercase;
}
.products-grid .product-item .product-item-info:hover .weltpixel-quickview.weltpixel_quickview_button_v2 .porto-icon-eye {
    display: none;
}
.products-grid .product-item-details .product-item-actions .tocart {
    background-color: transparent;
    color: #6f6e6b;
    border-color: #d8d8d6;
    font-size: 12.5px;
    font-family: 'Oswald';
    font-weight: 300;
    line-height: 28px;
    text-transform: uppercase;
    letter-spacing: 0.025em;
}
.product-item .tocart:before {
    content: "\e87f";
    font-size: 17px;
    vertical-align: middle;
    line-height: 32.5px;
}
.product-item-actions .action.towishlist, .product-addto-links .action.towishlist, .action.towishlist,
.product-addto-links .action.tocompare, .product-item-actions .action.tocompare, .action.tocompare,
.product-addto-links .action.mailto.friend, .moved-add-to-links .action.mailto.friend, .product-social-links .action.mailto.friend{
    border-color: #d8d8d6;
}
.product-social-links .action.towishlist:before, .product-addto-links .action.towishlist:before, .block-bundle-summary .action.towishlist:before, .product-item .action.towishlist:before, .table-comparison .action.towishlist:before {
    content: '\e889';
}


.catalog-product-view .sidebar .custom-block {
    border: none;
    color: #6b7a83;
    padding-bottom: 0;
    margin-bottom: 33px;
    background: none;
}
.catalog-product-view .sidebar .custom-block-1>div i {
    color: #D92A2E;
    border: none;
    font-size: 40px;
    float: left;
}
.catalog-product-view .sidebar .custom-block-1>div {
    min-height: 65px;
    clear: both;
    padding: 18px 0;
    border-bottom: solid 1px #dee5e8;
    margin-bottom: 0;
}
.catalog-product-view .sidebar .custom-block-1>div:last-child {
    border-bottom-width: 0;
}
.block-manufacturer {
    text-align: center;
    padding: 10px 20px 0;
    margin-bottom: 0;
}
.block-manufacturer hr {
    border-color: #dee5e8;
    margin-bottom: 0;
}
.catalog-product-view .sidebar .custom-block-1>div h3 {
    font-size: 14px;
    font-weight: 600;
    line-height: 20px;
    letter-spacing: 0.005em;
    color: #6b7a83;
    margin-left: 80px;
}
.block.related {
    padding: 0 20px;
}
.block .title strong {
    font-size: 15px;
    font-weight: 600;
    color: #21293c;
    letter-spacing: 0.01em;
    margin-bottom: 20px !important;
    padding-top: 0;
    text-transform: uppercase;
}
.block.related .product-items .product-item-actions {
    display: none;
}
.product-info-main .page-title-wrapper h1 {
    font-size: 25px;
    font-weight: 600;
    letter-spacing: -0.01em;
    color: #21293c;
    margin: 3px 0 15px;
}
.prev-next-products a {
    color: #555;
}
.product-reviews-summary .reviews-actions a {
    line-height: 20px;
    font-size: 14px;
    color: #bdbdbd;
}
.product-info-main .product.overview {
    font-size: 14px;
    font-weight: 400;
    letter-spacing: 0.005em;
    line-height: 27px;
    border-bottom: solid 1px #dae2e6;
}
.product.media {
    padding-right: 12px;
}
.fotorama__stage__shaft {
    border: none;
}
.fotorama__nav--thumbs .fotorama__thumb {
    border-color: #dae2e6;
}
.product-options-bottom .price-box .price-container .price, .product-info-price .price-box .price-container .price {
    font-family: 'Oswald';
    font-size: 21px;
    font-weight: 700;
    letter-spacing: 0.005em;
}
.product-info-main .product-info-price .old-price .price-wrapper .price {
    font-size: 16px;
    color: #2b2b2d;
    font-weight: 400;
}
.product-info-main .fieldset > .field.qty, .product-info-main .nested.options-list > .field.qty {
    position: relative;
    width: 106px;
}
.product-info-main .qty.field .control, .product-info-main .qty.field .qty-changer {
    margin-left: 29px;
}
.product-info-main .qty.field .qty-changer > a {
    position: absolute;
    top: 0;
    left: 0;
    height: 43px;
    width: 30px;
    line-height: 41px;
    text-align: center;
    margin: 0;
    border-color: #dae2e6;
}
.product-info-main .qty.field .qty-changer > a:first-child {
    left: auto;
    right: 4px;
}
.product-info-main .box-tocart .input-text.qty {
    font-family: 'Oswald';
    display: inline-block;
    vertical-align: middle;
    height: 43px;
    width: 44px!important;
    font-size: 14px;
    font-weight: 400;
    text-align: center;
    color: #61605a;
    margin: 0;
    border-color: #dae2e6;
}
.product-info-main .qty.field .qty-changer > a .porto-icon-up-dir:before {
    content: '\f882';
}
.product-info-main .qty.field .qty-changer > a .porto-icon-down-dir:before {
    content: '\f883';
}
.box-tocart .action.tocart {
    height: 43px;
    font-size: 14px;
    letter-spacing: 0.05em;
    font-weight: 400;
}
.box-tocart .action.tocart:before {
    content: '\e87f';
    font-family: 'porto-icons';
    margin-right: 7px;
    font-size: 16px;
}
.action.primary,.action.primary:active {
    font-family: "Oswald";
    letter-spacing: 1px;
    text-transform: uppercase;
}
.product-addto-links .action.towishlist,.product-addto-links .action.tocompare,.moved-add-to-links .action.mailto.friend, .product-social-links .action.mailto.friend {
    width: 43px;
    height: 43px;
    line-height: 41px;
}
.product.data.items > .item.content {
    background-color: #fff;
    box-shadow: none;
    border: none;
    border-top: #dae2e6 solid 1px;
    font-size: 14px;
    font-weight: 400;
    letter-spacing: 0.005em;
    line-height: 27px;
}

.main-upsell-product-detail .block.upsell .title strong {
    background: none;
}
.block.upsell .title {
    background: none;
    border-bottom: #e1e1e1 solid 1px;
    font-weight: 700;
    margin-bottom: 16px;
    padding-bottom: 10px;
    text-transform: uppercase;
    text-align: left;
}
.block.upsell .title strong {
    font-size: 18px;
    font-weight: 700;
    color: #302e2a;
}
.review-ratings .rating-label {
    display: block;
}

.footer-middle em,.footer-middle .contact-info i {
    display: none !important;
}
.footer-middle .block .block-title {
    margin-bottom: 20px;
    margin-top: 18px;
}
.footer-middle .block .block-title strong {
    font-family: 'Oswald';
    font-size: 16px;
    font-weight: 700;
    text-transform: uppercase;
}
.footer-middle a {
    font-size: 13px;
    font-weight: 300;
    letter-spacing: 0.005em;
}
.footer-middle, .footer-middle p {
    font-size: 13px;
    letter-spacing: 0.005em;
    font-weight: 400;
}
.footer-middle ul.contact-info p {
    line-height: 1;
}
.footer-middle ul.contact-info li {
    padding: 9px 0;
}
.footer-middle .contact-info b {
    font-family: 'Oswald';
    font-weight: 700;
    font-size: 12px;
    margin-bottom: 7px;
    color:#fff;
    display: inline-block;
    text-transform: uppercase;
}
.footer-container .validation-advice {
    position: absolute;
}
.footer-middle .block.newsletter .form.subscribe {
    max-width: 400px;
}
.footer-middle .block.newsletter .control:before {
    line-height: 48px;
    margin-left: 20px;
}
.footer-middle .block.newsletter .control {
    position: relative;
}
.footer-middle .block.newsletter .control input {
    background-color: #fff;
    color: #686865;
    height: 48px;
    border: none;
    font-size: 14px;
    padding-left: 10px;
}
.footer-middle .block.newsletter .control div.mage-error {
    position: absolute;
    bottom: -22px;
}
.footer-middle .block.newsletter .action.subscribe {
    height: 48px;
    text-transform: uppercase;
    padding: 0 22px;
}
.footer-bottom {
    padding: 30px 0 35px;
}
.footer-bottom .container {
    position: relative;
}
.footer-bottom .container:before {
    content: '';
    position: absolute;
    background-color: #353a3e;
    left: 15px;
    right: 15px;
    top: -30px;
    height: 1px;
    width: calc(100% - 30px);
}
.footer-bottom address {
    float: left;
    line-height: 36px;
}
.footer-bottom .custom-block {
    margin: 0;
}
.footer-bottom .custom-block img {
    vertical-align: top;
}
.footer-bottom .social-icons {
    margin: 0;
}
.footer-bottom .social-icons a {
    background-image: none;
    background-color: #3c3232;
    text-indent: 0;
    color: #fff;
    border-radius: 0;
    font-size: 12.86px;
    width: 34px;
    height: 34px;
    text-align: center;
    margin-left: 4px;
    float: left;
    line-height: 35px;
}
@media (max-width:991px){
    .our-instagram .main-instagram .item {
        width: 20%;
    }
    .photo-instagrams .col-lg-2 {
        width: 20%;
    }
}
@media (max-width: 767px) {
    .page-header.type17 .custom-block {
        display: none;
    }
    .page-header.type17 .minicart-wrapper .action.showcart:before, .page-header.type17 .minicart-wrapper .action.showcart.active:before,
    .page-header.type17 .block-search .label:before, .page-header.type17 .nav-toggle:before {
        color: #d92a2e;
    }
    #banner-slider-demo-18 .content-1>div:first-child {
        padding: 10px 15px !important;
    }
    #banner-slider-demo-18 .content-1 p {
        font-size: 12px;
    }
    #banner-slider-demo-18 .content-1 h3 {
        font-size: 30px;
    }
    #banner-slider-demo-18 .content-1 h4 {
        font-size: 110px;
        margin-top: 14px;
    }
    #banner-slider-demo-18 .content-1 h5 {
        font-size: 11px;
        right: 42px;
    }
    #banner-slider-demo-18 .content-1 h5 b {
        font-size: 10px !important;
    }
    #banner-slider-demo-18 .content-1>div {
        padding-right: 20px !important;
    }
    #banner-slider-demo-18 .content-1 .action {
        padding-right: 0 !important;
    }
    #banner-slider-demo-18 .content-1 .action a {
        font-size: 10px;
        padding: 6px 7px;
    }
    .our-brands .owl-side-narrow .owl-carousel {
        padding: 0;
    }
     .our-brands .owl-side-narrow .owl-carousel .owl-controls {
        display:none;
    }
    .our-instagram .main-instagram .item {
        width: 33.33%;
    }
    .photo-instagrams .col-lg-2 {
         width: 33.33%;
    }
    .page-products .toolbar .limiter {
        display: none;
    }
    .product.data.items {
        margin: 0;
    }
    .prev-next-products .product-nav.product-next .product-pop {
        margin: 0;
    }
    .prev-next-products .product-nav.product-prev .product-pop {
        left: -20px;
    }
    .product-info-main .fieldset > .field.qty {
        margin-bottom: 20px;
    }
    .fieldset > .actions {
        vertical-align: top;
    }
    .catalog-product-view .sidebar .custom-block {
        padding: 0;
    }
    .footer .block .block-content {
        margin-bottom: 30px;
    }
    .footer-middle .block-content {
        float: none !important;
    }
}
@media (max-width:480px){
    .our-instagram .main-instagram .item {
        width: 50%;
    }
    .photo-instagrams .col-lg-2 {
        width: 50%;
    }
}
@media (max-width:320px){
    #banner-slider-demo-18 .content-1 p {
        font-size: 8px;
        margin-bottom: 5px;
    }
    #banner-slider-demo-18 .content-1 h3 {
        font-size: 21px;
    }
    #banner-slider-demo-18 .content-1 h4 {
        font-size: 80px;
        margin-top: 10px;
    }
    #banner-slider-demo-18 .content-1 h5 {
        font-size: 10px;
        right: 35px;
    }
    #banner-slider-demo-18 .content-1 h5 b {
        font-size: 9px !important;
    }
    #banner-slider-demo-18 .content-1>div {
        padding-right: 20px !important;
    }
    #banner-slider-demo-18 .content-1 .action {
        padding-right: 0 !important;
    }
    #banner-slider-demo-18 .content-1 .action a {
        font-size: 9px;
        padding: 4px 6px;
    }
}
@media (min-width: 640px) {
    .page-products .sorter {
        float: left;
    }
    .modes {
        float: right;
        margin-right: 0;
        margin-left: 20px;
        margin-top: 5px;
    }
    .modes-mode:before {
        content: '\e880';
        font-size: 14px;
    }
    .mode-list:before {
        content: '\e87b';
        font-size: 14px;
    }
    .products.wrapper ~ .toolbar .limiter {
        float: left;
    }
    .products.wrapper ~ .toolbar .pages {
        float: right;
    }
}
@media (min-width: 768px) {
    .page-header.type17 {
        border-top-width: 3px;
    }
    .page-header.type17 .panel.header {
        padding: 8px 0;
    }
    .page-header.type17 .header.content {
        text-align: center;
    }
    .page-header.type17 > .main-panel-top {
        border-bottom: #eeeeee solid 2px;
    }
    .page-header.type17 .logo {
        margin: 30px auto;
    }
    .page-header.type17 .block-search {
        position: absolute;
        margin-left: 0;
        left: 15px;
        top: calc(50% - 20px);
        max-width: 300px;
    }
    .page-header.type17 .minicart-wrapper {
        background-color: transparent;
        width: 81px;
        height: 41px;
        text-align: center;
        box-shadow: none;
        border-radius: 0;
        border: none;
    }
    .page-header.type17 .nav-sections {
        text-align: center;
    }
    .page-header.type17 .navigation {
        max-width: 100%;
        text-align: left;
    }
    .page-header.type17 .navigation li.level0.fullwidth > .submenu > .container, .page-header.type17 .navigation li.level0.staticwidth > .submenu > .container {
        width: 750px;
        padding: 0 5px;
    }
    .page-header.type17.sticky-header .nav-sections {
        background-color: #fff;
        text-align: left;
    }
    .page-header.type17.sticky-header .navigation .level0 .submenu {
        text-align: left;
        top: 100%;
    }
    .page-header.type17.sticky-header .navigation {
        max-width: 1170px;
    }
    .page-header.type17 .navigation li.level0.parent.active > a:before, .page-header.type17 .navigation li.level0.parent:hover > a:before{
        left: 13px;
        right: 25px;
    }
    .page-header.type17 .navigation li.level0 .submenu {
        top: 100%;
        text-align: left;
        border-top: solid 1px #f3f3f3;
    }
    .sidebar.sidebar-main:before {
        content: '';
        position: absolute;
        left: 0;
        right: 22px;
        border: solid 1px #dae2e6;
        top: 0;
        bottom: 0;
        border-radius: 2px;
    }
    .product.data.items > .item.title {
        padding: 10px 30px 10px 0;
    }
    .product.data.items > .item.title > .switch {
        font-size: 14px;
        font-weight: 700;
        color: #818692;
        text-transform: uppercase;
        border: none;
        border-radius: 0;
        line-height: 30px;
        background: none;
        padding: 0;
    }
    .product.data.items > .item.title:not(.disabled) > .switch:focus,
    .product.data.items > .item.title:not(.disabled) > .switch:hover {
        background: none;
        color: #818692;
    }
    .product.data.items > .item.title.active > .switch,
    .product.data.items > .item.title.active > .switch:focus,
    .product.data.items > .item.title.active > .switch:hover {
        color: #21293c;
        position: relative;
        border-bottom: #D92A2E solid 2px;
    }
    .product.data.items > .item.content {
        padding: 35px 0 0;
        margin-top: 45px;
    }
}
@media (min-width: 992px){
    .page-header.type17 .navigation > ul {
        width: 970px;
        margin: 0 auto;
        position: static;
    }
    .page-header.type17 .navigation li.level0.fullwidth > .submenu > .container, .page-header.type17 .navigation li.level0.staticwidth > .submenu > .container {
        width: 970px;
        padding: 0 5px;
    }
}
@media (min-width: 1200px) {
    .page-header.type17 .navigation > ul {
        width: 1170px;
        margin: 0 auto;
        position: static;
    }
    .page-header.type17 .navigation li.level0.fullwidth > .submenu > .container, .page-header.type17 .navigation li.level0.staticwidth > .submenu > .container {
        width: 1170px;
        padding: 0 5px;
    }
}]]></custom_style>
            <custom_style_2><![CDATA[]]></custom_style_2>
        </custom_settings>
    </porto_settings>
    <porto_design>
        <general>
            <theme_color>D92A2E</theme_color>
        </general>
        <font>
            <custom>0</custom>
            <font_size></font_size>
            <font_family></font_family>
            <custom_font_family></custom_font_family>
            <google_font_family></google_font_family>
            <char_latin_ext></char_latin_ext>
            <char_subset></char_subset>
        </font>
        <colors>
            <custom>1</custom>
            <text_color></text_color>
            <link_color></link_color>
            <link_hover_color></link_hover_color>
            <button_bg_color></button_bg_color>
            <button_text_color></button_text_color>
            <button_hover_bg_color></button_hover_bg_color>
            <button_hover_text_color></button_hover_text_color>
            <addtowishlist_color>302E2A</addtowishlist_color>
            <addtowishlist_hover_color>302E2A</addtowishlist_hover_color>
            <addtocompare_color>302E2A</addtocompare_color>
            <addtocompare_hover_color>302E2A</addtocompare_hover_color>
            <breadcrumbs_bg_color>FFFFFF</breadcrumbs_bg_color>
            <breadcrumbs_color>000000</breadcrumbs_color>
            <breadcrumbs_links_color>000000</breadcrumbs_links_color>
            <breadcrumbs_links_hover_color>000000</breadcrumbs_links_hover_color>
            <sale_bg_color></sale_bg_color>
            <sale_font_color></sale_font_color>
            <new_bg_color></new_bg_color>
            <new_font_color></new_font_color>
        </colors>
        <header>
            <custom>1</custom>
            <header_bgcolor>FFFFFF</header_bgcolor>
            <header_bg_image></header_bg_image>
            <header_bordercolor>D92A2E</header_bordercolor>
            <header_textcolor>777777</header_textcolor>
            <header_linkcolor>777777</header_linkcolor>
            <header_top_links_bgcolor>FFFFFF</header_top_links_bgcolor>
            <header_top_links_color>999999</header_top_links_color>
            <header_menu_bgcolor>FFFFFF</header_menu_bgcolor>
            <header_menu_color>333333</header_menu_color>
            <header_menu_hover_bgcolor>FFFFFF</header_menu_hover_bgcolor>
            <header_menu_hover_color>E13B3F</header_menu_hover_color>
            <header_menu_classicmenu_bgcolor></header_menu_classicmenu_bgcolor>
            <header_menu_classicmenu_bordercolor></header_menu_classicmenu_bordercolor>
            <header_menu_classicmenu_color></header_menu_classicmenu_color>
            <header_menu_classicmenu_hover_bgcolor></header_menu_classicmenu_hover_bgcolor>
            <header_menu_classicmenu_hover_color></header_menu_classicmenu_hover_color>
            <header_search_bgcolor>EEE9E6</header_search_bgcolor>
            <header_search_text_color>8D8D8D</header_search_text_color>
            <header_search_bordercolor>FFFFFF</header_search_bordercolor>
            <header_minicart_bgcolor></header_minicart_bgcolor>
            <header_minicart_color>868A8C</header_minicart_color>
            <header_minicart_icon_color>393F4F</header_minicart_icon_color>
        </header>
        <footer>
            <custom>1</custom>
            <footer_top_bgcolor></footer_top_bgcolor>
            <footer_top_color></footer_top_color>
            <footer_top_link_color></footer_top_link_color>
            <footer_top_link_hover_color></footer_top_link_hover_color>
            <footer_middle_bgcolor>2F2727</footer_middle_bgcolor>
            <footer_middle_color>90969A</footer_middle_color>
            <footer_middle_link_color>90969A</footer_middle_link_color>
            <footer_middle_link_hover_color>90969A</footer_middle_link_hover_color>
            <footer_middle_title_color>FFFFFF</footer_middle_title_color>
            <footer_middle_links_icon_color>FFFFFF</footer_middle_links_icon_color>
            <footer_middle_ribbon_bgcolor></footer_middle_ribbon_bgcolor>
            <footer_middle_ribbon_shadow_color>BD383B</footer_middle_ribbon_shadow_color>
            <footer_middle_ribbon_color></footer_middle_ribbon_color>
            <footer_middle_2_bgcolor></footer_middle_2_bgcolor>
            <footer_middle_2_color></footer_middle_2_color>
            <footer_middle_2_link_color></footer_middle_2_link_color>
            <footer_middle_2_link_hover_color></footer_middle_2_link_hover_color>
            <footer_middle_2_title_color></footer_middle_2_title_color>
            <footer_middle_2_links_icon_color></footer_middle_2_links_icon_color>
            <footer_bottom_bgcolor>2F2727</footer_bottom_bgcolor>
            <footer_bottom_color>A8A8A8</footer_bottom_color>
            <footer_bottom_link_color>A8A8A8</footer_bottom_link_color>
            <footer_bottom_link_hover_color>A8A8A8</footer_bottom_link_hover_color>
        </footer>
        <page>
            <custom>0</custom>
            <page_bgcolor></page_bgcolor>
            <page_bg_image></page_bg_image>
            <page_custom_style><![CDATA[]]></page_custom_style>
        </page>
        <main>
            <custom>0</custom>
            <main_bgcolor></main_bgcolor>
            <main_bg_image></main_bg_image>
            <main_custom_style><![CDATA[]]></main_custom_style>
        </main>
    </porto_design>
</config>
</root>